Selectivity,Sensitivity,Accuracy
0.9444444444444444,1.0,0.9629629629629629
